--------------------------------------------------------
--  File created - miercuri-august-24-2016   
--------------------------------------------------------
DROP TABLE "ADMIN"."EMPLOYEE" cascade constraints;
DROP TABLE "ADMIN"."EMPLOYEE_FUNCTION" cascade constraints;
DROP TABLE "ADMIN"."FEEDBACK" cascade constraints;
DROP TABLE "ADMIN"."QA" cascade constraints;
DROP TABLE "ADMIN"."SUBSIDIARY" cascade constraints;
DROP SYNONYM "PUBLIC"."DUAL";
DROP SEQUENCE "ADMIN"."EMP_FUNC_SEQ";
DROP SEQUENCE "ADMIN"."EMPLOYEE_SEQ";
DROP SEQUENCE "ADMIN"."FEEDBACK_SEQ";
DROP SEQUENCE "ADMIN"."QA_SEQ";
DROP SEQUENCE "ADMIN"."SUBSIDIARY_SEQ";
--------------------------------------------------------
--  DDL for Sequence EMP_FUNC_SEQ
--------------------------------------------------------

   CREATE SEQUENCE  "ADMIN"."EMP_FUNC_SEQ"  MINVALUE 1 MAXVALUE 9999999999999999999999999999 INCREMENT BY 1 START WITH 21 CACHE 20 NOORDER  NOCYCLE ;
--------------------------------------------------------
--  DDL for Sequence EMPLOYEE_SEQ
--------------------------------------------------------

   CREATE SEQUENCE  "ADMIN"."EMPLOYEE_SEQ"  MINVALUE 1 MAXVALUE 9999999999999999999999999999 INCREMENT BY 1 START WITH 41 CACHE 20 NOORDER  NOCYCLE ;
--------------------------------------------------------
--  DDL for Sequence FEEDBACK_SEQ
--------------------------------------------------------

   CREATE SEQUENCE  "ADMIN"."FEEDBACK_SEQ"  MINVALUE 1 MAXVALUE 9999999999999999999999999999 INCREMENT BY 1 START WITH 21 CACHE 20 NOORDER  NOCYCLE ;
--------------------------------------------------------
--  DDL for Sequence QA_SEQ
--------------------------------------------------------

   CREATE SEQUENCE  "ADMIN"."QA_SEQ"  MINVALUE 1 MAXVALUE 9999999999999999999999999999 INCREMENT BY 1 START WITH 21 CACHE 20 NOORDER  NOCYCLE ;
--------------------------------------------------------
--  DDL for Sequence SUBSIDIARY_SEQ
--------------------------------------------------------

   CREATE SEQUENCE  "ADMIN"."SUBSIDIARY_SEQ"  MINVALUE 1 MAXVALUE 9999999999999999999999999999 INCREMENT BY 1 START WITH 21 CACHE 20 NOORDER  NOCYCLE ;
--------------------------------------------------------
--  DDL for Table EMPLOYEE
--------------------------------------------------------

  CREATE TABLE "ADMIN"."EMPLOYEE" 
   (	"ID_EMP" NUMBER(10,0), 
	"USERNAME" VARCHAR2(30 BYTE), 
	"PASSWORD" VARCHAR2(30 BYTE), 
	"EMAIL" VARCHAR2(50 BYTE), 
	"FIRSTNAME" VARCHAR2(40 BYTE), 
	"LASTNAME" VARCHAR2(40 BYTE), 
	"ID_SUBSIDIARY" NUMBER(10,0), 
	"ID_FUNCTION" NUMBER(10,0)
   ) SEGMENT CREATION IMMEDIATE 
  PCTFREE 10 PCTUSED 40 INITRANS 1 MAXTRANS 255 NOCOMPRESS LOGGING
  STORAGE(INITIAL 65536 NEXT 1048576 MINEXTENTS 1 MAXEXTENTS 2147483645
  PCTINCREASE 0 FREELISTS 1 FREELIST GROUPS 1 BUFFER_POOL DEFAULT FLASH_CACHE DEFAULT CELL_FLASH_CACHE DEFAULT)
  TABLESPACE "SYSTEM" ;
--------------------------------------------------------
--  DDL for Table EMPLOYEE_FUNCTION
--------------------------------------------------------

  CREATE TABLE "ADMIN"."EMPLOYEE_FUNCTION" 
   (	"ID_FUNCTION" NUMBER(10,0), 
	"ROLE" VARCHAR2(15 BYTE), 
	"Level" VARCHAR2(15 BYTE), 
	"OTHER" VARCHAR2(30 BYTE)
   ) SEGMENT CREATION IMMEDIATE 
  PCTFREE 10 PCTUSED 40 INITRANS 1 MAXTRANS 255 NOCOMPRESS LOGGING
  STORAGE(INITIAL 65536 NEXT 1048576 MINEXTENTS 1 MAXEXTENTS 2147483645
  PCTINCREASE 0 FREELISTS 1 FREELIST GROUPS 1 BUFFER_POOL DEFAULT FLASH_CACHE DEFAULT CELL_FLASH_CACHE DEFAULT)
  TABLESPACE "SYSTEM" ;
--------------------------------------------------------
--  DDL for Table FEEDBACK
--------------------------------------------------------

  CREATE TABLE "ADMIN"."FEEDBACK" 
   (	"ID_FEED" NUMBER(10,0), 
	"ID_SENDER" NUMBER(10,0), 
	"ID_RECEIVER" NUMBER(10,0), 
	"ID_QA" NUMBER(10,0), 
	"ANONYM" CHAR(1 BYTE)
   ) SEGMENT CREATION IMMEDIATE 
  PCTFREE 10 PCTUSED 40 INITRANS 1 MAXTRANS 255 NOCOMPRESS LOGGING
  STORAGE(INITIAL 65536 NEXT 1048576 MINEXTENTS 1 MAXEXTENTS 2147483645
  PCTINCREASE 0 FREELISTS 1 FREELIST GROUPS 1 BUFFER_POOL DEFAULT FLASH_CACHE DEFAULT CELL_FLASH_CACHE DEFAULT)
  TABLESPACE "SYSTEM" ;
--------------------------------------------------------
--  DDL for Table QA
--------------------------------------------------------

  CREATE TABLE "ADMIN"."QA" 
   (	"ID_QA" NUMBER(10,0), 
	"QUESTION" BLOB, 
	"ANSWER" BLOB, 
	"TIMESTAMP" DATE
   ) SEGMENT CREATION IMMEDIATE 
  PCTFREE 10 PCTUSED 40 INITRANS 1 MAXTRANS 255 NOCOMPRESS LOGGING
  STORAGE(INITIAL 65536 NEXT 1048576 MINEXTENTS 1 MAXEXTENTS 2147483645
  PCTINCREASE 0 FREELISTS 1 FREELIST GROUPS 1 BUFFER_POOL DEFAULT FLASH_CACHE DEFAULT CELL_FLASH_CACHE DEFAULT)
  TABLESPACE "SYSTEM" 
 LOB ("QUESTION") STORE AS BASICFILE (
  TABLESPACE "SYSTEM" ENABLE STORAGE IN ROW CHUNK 8192 RETENTION 
  NOCACHE LOGGING 
  STORAGE(INITIAL 65536 NEXT 1048576 MINEXTENTS 1 MAXEXTENTS 2147483645
  PCTINCREASE 0 FREELISTS 1 FREELIST GROUPS 1 BUFFER_POOL DEFAULT FLASH_CACHE DEFAULT CELL_FLASH_CACHE DEFAULT)) 
 LOB ("ANSWER") STORE AS BASICFILE (
  TABLESPACE "SYSTEM" ENABLE STORAGE IN ROW CHUNK 8192 RETENTION 
  NOCACHE LOGGING 
  STORAGE(INITIAL 65536 NEXT 1048576 MINEXTENTS 1 MAXEXTENTS 2147483645
  PCTINCREASE 0 FREELISTS 1 FREELIST GROUPS 1 BUFFER_POOL DEFAULT FLASH_CACHE DEFAULT CELL_FLASH_CACHE DEFAULT)) ;
--------------------------------------------------------
--  DDL for Table SUBSIDIARY
--------------------------------------------------------

  CREATE TABLE "ADMIN"."SUBSIDIARY" 
   (	"ID_SUBSIDIARY" NUMBER(10,0), 
	"COMPANY_NAME" VARCHAR2(50 BYTE), 
	"COUNTRY" VARCHAR2(30 BYTE), 
	"CITY" VARCHAR2(30 BYTE)
   ) SEGMENT CREATION IMMEDIATE 
  PCTFREE 10 PCTUSED 40 INITRANS 1 MAXTRANS 255 NOCOMPRESS LOGGING
  STORAGE(INITIAL 65536 NEXT 1048576 MINEXTENTS 1 MAXEXTENTS 2147483645
  PCTINCREASE 0 FREELISTS 1 FREELIST GROUPS 1 BUFFER_POOL DEFAULT FLASH_CACHE DEFAULT CELL_FLASH_CACHE DEFAULT)
  TABLESPACE "SYSTEM" ;
REM INSERTING into ADMIN.EMPLOYEE
SET DEFINE OFF;
Insert into ADMIN.EMPLOYEE (ID_EMP,USERNAME,PASSWORD,EMAIL,FIRSTNAME,LASTNAME,ID_SUBSIDIARY,ID_FUNCTION) values ('3','admin','admin','admin@erni.ro','admin','admin','1','15');
Insert into ADMIN.EMPLOYEE (ID_EMP,USERNAME,PASSWORD,EMAIL,FIRSTNAME,LASTNAME,ID_SUBSIDIARY,ID_FUNCTION) values ('4','alca','1234','alca@erni.ro','Alexandru','Cal','5','10');
Insert into ADMIN.EMPLOYEE (ID_EMP,USERNAME,PASSWORD,EMAIL,FIRSTNAME,LASTNAME,ID_SUBSIDIARY,ID_FUNCTION) values ('5','gasc','gasc','gasc@erni.com','Gabriela','Scaun','5','1');
Insert into ADMIN.EMPLOYEE (ID_EMP,USERNAME,PASSWORD,EMAIL,FIRSTNAME,LASTNAME,ID_SUBSIDIARY,ID_FUNCTION) values ('6','iopo','iopo','iopo@erni.com','Ion','Pop','2','2');
Insert into ADMIN.EMPLOYEE (ID_EMP,USERNAME,PASSWORD,EMAIL,FIRSTNAME,LASTNAME,ID_SUBSIDIARY,ID_FUNCTION) values ('7','crpa','crpa','crpa@erni.com','Crina','Paun','3','8');
Insert into ADMIN.EMPLOYEE (ID_EMP,USERNAME,PASSWORD,EMAIL,FIRSTNAME,LASTNAME,ID_SUBSIDIARY,ID_FUNCTION) values ('8','anca','anca','anca@erni.com','Andu','Catun','4','9');
Insert into ADMIN.EMPLOYEE (ID_EMP,USERNAME,PASSWORD,EMAIL,FIRSTNAME,LASTNAME,ID_SUBSIDIARY,ID_FUNCTION) values ('10','daga','daga','daga@erni.com','Dan','Gal','3','10');
Insert into ADMIN.EMPLOYEE (ID_EMP,USERNAME,PASSWORD,EMAIL,FIRSTNAME,LASTNAME,ID_SUBSIDIARY,ID_FUNCTION) values ('21','gigi','gigi','gigi@erni.com','Gigel','Gibraltar','1','6');
Insert into ADMIN.EMPLOYEE (ID_EMP,USERNAME,PASSWORD,EMAIL,FIRSTNAME,LASTNAME,ID_SUBSIDIARY,ID_FUNCTION) values ('22','biba','biba','biba@erni.com','Bianca','Baba','4','7');
REM INSERTING into ADMIN.EMPLOYEE_FUNCTION
SET DEFINE OFF;
Insert into ADMIN.EMPLOYEE_FUNCTION (ID_FUNCTION,ROLE,"Level",OTHER) values ('1','Developer','Senior',null);
Insert into ADMIN.EMPLOYEE_FUNCTION (ID_FUNCTION,ROLE,"Level",OTHER) values ('2','Developer','Junior',null);
Insert into ADMIN.EMPLOYEE_FUNCTION (ID_FUNCTION,ROLE,"Level",OTHER) values ('3','Developer','Professional',null);
Insert into ADMIN.EMPLOYEE_FUNCTION (ID_FUNCTION,ROLE,"Level",OTHER) values ('4','CEO',null,null);
Insert into ADMIN.EMPLOYEE_FUNCTION (ID_FUNCTION,ROLE,"Level",OTHER) values ('5','Scrum Master','Junior',null);
Insert into ADMIN.EMPLOYEE_FUNCTION (ID_FUNCTION,ROLE,"Level",OTHER) values ('6','Scrum Master','Professional',null);
Insert into ADMIN.EMPLOYEE_FUNCTION (ID_FUNCTION,ROLE,"Level",OTHER) values ('7','Scrum Master','Senior',null);
Insert into ADMIN.EMPLOYEE_FUNCTION (ID_FUNCTION,ROLE,"Level",OTHER) values ('8','IT Consultant','Junior',null);
Insert into ADMIN.EMPLOYEE_FUNCTION (ID_FUNCTION,ROLE,"Level",OTHER) values ('9','IT Consultant','Professional',null);
Insert into ADMIN.EMPLOYEE_FUNCTION (ID_FUNCTION,ROLE,"Level",OTHER) values ('10','IT Consultant','Senior',null);
Insert into ADMIN.EMPLOYEE_FUNCTION (ID_FUNCTION,ROLE,"Level",OTHER) values ('11','QA Tester','Junior',null);
Insert into ADMIN.EMPLOYEE_FUNCTION (ID_FUNCTION,ROLE,"Level",OTHER) values ('12','QA Tester','Professional',null);
Insert into ADMIN.EMPLOYEE_FUNCTION (ID_FUNCTION,ROLE,"Level",OTHER) values ('13','QA Tester','Senior',null);
Insert into ADMIN.EMPLOYEE_FUNCTION (ID_FUNCTION,ROLE,"Level",OTHER) values ('14','HR',null,null);
Insert into ADMIN.EMPLOYEE_FUNCTION (ID_FUNCTION,ROLE,"Level",OTHER) values ('15','Manager',null,null);
REM INSERTING into ADMIN.FEEDBACK
SET DEFINE OFF;
Insert into ADMIN.FEEDBACK (ID_FEED,ID_SENDER,ID_RECEIVER,ID_QA,ANONYM) values ('1','3','5','1','F');
REM INSERTING into ADMIN.QA
SET DEFINE OFF;
Insert into ADMIN.QA (ID_QA,TIMESTAMP) values ('1',to_date('24-08-2016','DD-MM-RRRR'));
REM INSERTING into ADMIN.SUBSIDIARY
SET DEFINE OFF;
Insert into ADMIN.SUBSIDIARY (ID_SUBSIDIARY,COMPANY_NAME,COUNTRY,CITY) values ('1','Erni Ro','Romania','Cluj-Napoca');
Insert into ADMIN.SUBSIDIARY (ID_SUBSIDIARY,COMPANY_NAME,COUNTRY,CITY) values ('2','Erni Spain','Spain','Barcelona');
Insert into ADMIN.SUBSIDIARY (ID_SUBSIDIARY,COMPANY_NAME,COUNTRY,CITY) values ('3','Erni Switzerland','Switzerland','Basel');
Insert into ADMIN.SUBSIDIARY (ID_SUBSIDIARY,COMPANY_NAME,COUNTRY,CITY) values ('4','Erni Switzerland','Switzerland','Zürich');
Insert into ADMIN.SUBSIDIARY (ID_SUBSIDIARY,COMPANY_NAME,COUNTRY,CITY) values ('5','Erni Switzerland','Switzerland','Geneva');
--------------------------------------------------------
--  DDL for Index EMPLOYEE_FUNCTION_PK
--------------------------------------------------------

  CREATE UNIQUE INDEX "ADMIN"."EMPLOYEE_FUNCTION_PK" ON "ADMIN"."EMPLOYEE_FUNCTION" ("ID_FUNCTION") 
  PCTFREE 10 INITRANS 2 MAXTRANS 255 
  STORAGE(INITIAL 65536 NEXT 1048576 MINEXTENTS 1 MAXEXTENTS 2147483645
  PCTINCREASE 0 FREELISTS 1 FREELIST GROUPS 1 BUFFER_POOL DEFAULT FLASH_CACHE DEFAULT CELL_FLASH_CACHE DEFAULT)
  TABLESPACE "SYSTEM" ;
--------------------------------------------------------
--  DDL for Index EMPLOYEE_PK
--------------------------------------------------------

  CREATE UNIQUE INDEX "ADMIN"."EMPLOYEE_PK" ON "ADMIN"."EMPLOYEE" ("ID_EMP") 
  PCTFREE 10 INITRANS 2 MAXTRANS 255 
  STORAGE(INITIAL 65536 NEXT 1048576 MINEXTENTS 1 MAXEXTENTS 2147483645
  PCTINCREASE 0 FREELISTS 1 FREELIST GROUPS 1 BUFFER_POOL DEFAULT FLASH_CACHE DEFAULT CELL_FLASH_CACHE DEFAULT)
  TABLESPACE "SYSTEM" ;
--------------------------------------------------------
--  DDL for Index FEEDBACK_PK
--------------------------------------------------------

  CREATE UNIQUE INDEX "ADMIN"."FEEDBACK_PK" ON "ADMIN"."FEEDBACK" ("ID_FEED") 
  PCTFREE 10 INITRANS 2 MAXTRANS 255 
  STORAGE(INITIAL 65536 NEXT 1048576 MINEXTENTS 1 MAXEXTENTS 2147483645
  PCTINCREASE 0 FREELISTS 1 FREELIST GROUPS 1 BUFFER_POOL DEFAULT FLASH_CACHE DEFAULT CELL_FLASH_CACHE DEFAULT)
  TABLESPACE "SYSTEM" ;
--------------------------------------------------------
--  DDL for Index QA_PK
--------------------------------------------------------

  CREATE UNIQUE INDEX "ADMIN"."QA_PK" ON "ADMIN"."QA" ("ID_QA") 
  PCTFREE 10 INITRANS 2 MAXTRANS 255 
  STORAGE(INITIAL 65536 NEXT 1048576 MINEXTENTS 1 MAXEXTENTS 2147483645
  PCTINCREASE 0 FREELISTS 1 FREELIST GROUPS 1 BUFFER_POOL DEFAULT FLASH_CACHE DEFAULT CELL_FLASH_CACHE DEFAULT)
  TABLESPACE "SYSTEM" ;
--------------------------------------------------------
--  DDL for Index SUBSIDIARY_PK
--------------------------------------------------------

  CREATE UNIQUE INDEX "ADMIN"."SUBSIDIARY_PK" ON "ADMIN"."SUBSIDIARY" ("ID_SUBSIDIARY") 
  PCTFREE 10 INITRANS 2 MAXTRANS 255 
  STORAGE(INITIAL 65536 NEXT 1048576 MINEXTENTS 1 MAXEXTENTS 2147483645
  PCTINCREASE 0 FREELISTS 1 FREELIST GROUPS 1 BUFFER_POOL DEFAULT FLASH_CACHE DEFAULT CELL_FLASH_CACHE DEFAULT)
  TABLESPACE "SYSTEM" ;
--------------------------------------------------------
--  Constraints for Table EMPLOYEE
--------------------------------------------------------

  ALTER TABLE "ADMIN"."EMPLOYEE" ADD CONSTRAINT "EMPLOYEE_PK" PRIMARY KEY ("ID_EMP")
  USING INDEX PCTFREE 10 INITRANS 2 MAXTRANS 255 
  STORAGE(INITIAL 65536 NEXT 1048576 MINEXTENTS 1 MAXEXTENTS 2147483645
  PCTINCREASE 0 FREELISTS 1 FREELIST GROUPS 1 BUFFER_POOL DEFAULT FLASH_CACHE DEFAULT CELL_FLASH_CACHE DEFAULT)
  TABLESPACE "SYSTEM"  ENABLE;
  ALTER TABLE "ADMIN"."EMPLOYEE" MODIFY ("ID_FUNCTION" NOT NULL ENABLE);
  ALTER TABLE "ADMIN"."EMPLOYEE" MODIFY ("ID_SUBSIDIARY" NOT NULL ENABLE);
  ALTER TABLE "ADMIN"."EMPLOYEE" MODIFY ("LASTNAME" NOT NULL ENABLE);
  ALTER TABLE "ADMIN"."EMPLOYEE" MODIFY ("FIRSTNAME" NOT NULL ENABLE);
  ALTER TABLE "ADMIN"."EMPLOYEE" MODIFY ("EMAIL" NOT NULL ENABLE);
  ALTER TABLE "ADMIN"."EMPLOYEE" MODIFY ("PASSWORD" NOT NULL ENABLE);
  ALTER TABLE "ADMIN"."EMPLOYEE" MODIFY ("USERNAME" NOT NULL ENABLE);
  ALTER TABLE "ADMIN"."EMPLOYEE" MODIFY ("ID_EMP" NOT NULL ENABLE);
--------------------------------------------------------
--  Constraints for Table EMPLOYEE_FUNCTION
--------------------------------------------------------

  ALTER TABLE "ADMIN"."EMPLOYEE_FUNCTION" ADD CONSTRAINT "EMPLOYEE_FUNCTION_PK" PRIMARY KEY ("ID_FUNCTION")
  USING INDEX PCTFREE 10 INITRANS 2 MAXTRANS 255 
  STORAGE(INITIAL 65536 NEXT 1048576 MINEXTENTS 1 MAXEXTENTS 2147483645
  PCTINCREASE 0 FREELISTS 1 FREELIST GROUPS 1 BUFFER_POOL DEFAULT FLASH_CACHE DEFAULT CELL_FLASH_CACHE DEFAULT)
  TABLESPACE "SYSTEM"  ENABLE;
  ALTER TABLE "ADMIN"."EMPLOYEE_FUNCTION" ADD CHECK ("Level" IN ('Junior','Professional','Senior' ) ) ENABLE;
  ALTER TABLE "ADMIN"."EMPLOYEE_FUNCTION" ADD CHECK (Role IN ('Developer','CEO', 'Scrum Master', 'IT Consultant','QA Tester','HR','Manager' ) ) ENABLE;
  ALTER TABLE "ADMIN"."EMPLOYEE_FUNCTION" MODIFY ("ROLE" NOT NULL ENABLE);
  ALTER TABLE "ADMIN"."EMPLOYEE_FUNCTION" MODIFY ("ID_FUNCTION" NOT NULL ENABLE);
--------------------------------------------------------
--  Constraints for Table FEEDBACK
--------------------------------------------------------

  ALTER TABLE "ADMIN"."FEEDBACK" ADD CONSTRAINT "FEEDBACK_PK" PRIMARY KEY ("ID_FEED")
  USING INDEX PCTFREE 10 INITRANS 2 MAXTRANS 255 
  STORAGE(INITIAL 65536 NEXT 1048576 MINEXTENTS 1 MAXEXTENTS 2147483645
  PCTINCREASE 0 FREELISTS 1 FREELIST GROUPS 1 BUFFER_POOL DEFAULT FLASH_CACHE DEFAULT CELL_FLASH_CACHE DEFAULT)
  TABLESPACE "SYSTEM"  ENABLE;
  ALTER TABLE "ADMIN"."FEEDBACK" MODIFY ("ANONYM" NOT NULL ENABLE);
  ALTER TABLE "ADMIN"."FEEDBACK" MODIFY ("ID_QA" NOT NULL ENABLE);
  ALTER TABLE "ADMIN"."FEEDBACK" MODIFY ("ID_RECEIVER" NOT NULL ENABLE);
  ALTER TABLE "ADMIN"."FEEDBACK" MODIFY ("ID_SENDER" NOT NULL ENABLE);
  ALTER TABLE "ADMIN"."FEEDBACK" MODIFY ("ID_FEED" NOT NULL ENABLE);
--------------------------------------------------------
--  Constraints for Table QA
--------------------------------------------------------

  ALTER TABLE "ADMIN"."QA" MODIFY ("TIMESTAMP" NOT NULL ENABLE);
  ALTER TABLE "ADMIN"."QA" ADD CONSTRAINT "QA_PK" PRIMARY KEY ("ID_QA")
  USING INDEX PCTFREE 10 INITRANS 2 MAXTRANS 255 
  STORAGE(INITIAL 65536 NEXT 1048576 MINEXTENTS 1 MAXEXTENTS 2147483645
  PCTINCREASE 0 FREELISTS 1 FREELIST GROUPS 1 BUFFER_POOL DEFAULT FLASH_CACHE DEFAULT CELL_FLASH_CACHE DEFAULT)
  TABLESPACE "SYSTEM"  ENABLE;
  ALTER TABLE "ADMIN"."QA" MODIFY ("ANSWER" NOT NULL ENABLE);
  ALTER TABLE "ADMIN"."QA" MODIFY ("QUESTION" NOT NULL ENABLE);
  ALTER TABLE "ADMIN"."QA" MODIFY ("ID_QA" NOT NULL ENABLE);
--------------------------------------------------------
--  Constraints for Table SUBSIDIARY
--------------------------------------------------------

  ALTER TABLE "ADMIN"."SUBSIDIARY" ADD CONSTRAINT "SUBSIDIARY_PK" PRIMARY KEY ("ID_SUBSIDIARY")
  USING INDEX PCTFREE 10 INITRANS 2 MAXTRANS 255 
  STORAGE(INITIAL 65536 NEXT 1048576 MINEXTENTS 1 MAXEXTENTS 2147483645
  PCTINCREASE 0 FREELISTS 1 FREELIST GROUPS 1 BUFFER_POOL DEFAULT FLASH_CACHE DEFAULT CELL_FLASH_CACHE DEFAULT)
  TABLESPACE "SYSTEM"  ENABLE;
  ALTER TABLE "ADMIN"."SUBSIDIARY" MODIFY ("CITY" NOT NULL ENABLE);
  ALTER TABLE "ADMIN"."SUBSIDIARY" MODIFY ("COUNTRY" NOT NULL ENABLE);
  ALTER TABLE "ADMIN"."SUBSIDIARY" MODIFY ("COMPANY_NAME" NOT NULL ENABLE);
  ALTER TABLE "ADMIN"."SUBSIDIARY" MODIFY ("ID_SUBSIDIARY" NOT NULL ENABLE);
--------------------------------------------------------
--  Ref Constraints for Table EMPLOYEE
--------------------------------------------------------

  ALTER TABLE "ADMIN"."EMPLOYEE" ADD CONSTRAINT "EMPLOYEE_COMPANY" FOREIGN KEY ("ID_SUBSIDIARY")
	  REFERENCES "ADMIN"."SUBSIDIARY" ("ID_SUBSIDIARY") ENABLE;
  ALTER TABLE "ADMIN"."EMPLOYEE" ADD CONSTRAINT "EMPLOYEE_EMPLOYEE_FUNCTION" FOREIGN KEY ("ID_FUNCTION")
	  REFERENCES "ADMIN"."EMPLOYEE_FUNCTION" ("ID_FUNCTION") ENABLE;
--------------------------------------------------------
--  Ref Constraints for Table FEEDBACK
--------------------------------------------------------

  ALTER TABLE "ADMIN"."FEEDBACK" ADD CONSTRAINT "FEEDBACK_EMPLOYEE_RECEIVER" FOREIGN KEY ("ID_RECEIVER")
	  REFERENCES "ADMIN"."EMPLOYEE" ("ID_EMP") ENABLE;
  ALTER TABLE "ADMIN"."FEEDBACK" ADD CONSTRAINT "FEEDBACK_EMPLOYEE_SENDER" FOREIGN KEY ("ID_SENDER")
	  REFERENCES "ADMIN"."EMPLOYEE" ("ID_EMP") ENABLE;
  ALTER TABLE "ADMIN"."FEEDBACK" ADD CONSTRAINT "FEEDBACK_QA" FOREIGN KEY ("ID_QA")
	  REFERENCES "ADMIN"."QA" ("ID_QA") ENABLE;
--------------------------------------------------------
--  DDL for Trigger EMPLOYEE_FUNC_TRIGGER
--------------------------------------------------------

  CREATE OR REPLACE TRIGGER "ADMIN"."EMPLOYEE_FUNC_TRIGGER" 
BEFORE INSERT ON EMPLOYEE_FUNCTION 
FOR EACH row 
BEGIN 
  SELECT emp_func_seq.NEXTVAL
  INTO :new.ID_FUNCTION
  FROM dual;
END;
/
ALTER TRIGGER "ADMIN"."EMPLOYEE_FUNC_TRIGGER" ENABLE;
--------------------------------------------------------
--  DDL for Trigger EMPLOYEE_TRIGGER
--------------------------------------------------------

  CREATE OR REPLACE TRIGGER "ADMIN"."EMPLOYEE_TRIGGER" 
BEFORE INSERT ON EMPLOYEE 
FOR EACH row 
BEGIN 
  SELECT employee_seq.NEXTVAL
  INTO :new.ID_EMP
  FROM dual;
END;
/
ALTER TRIGGER "ADMIN"."EMPLOYEE_TRIGGER" ENABLE;
--------------------------------------------------------
--  DDL for Trigger FEEDBACK_TRIGGER
--------------------------------------------------------

  CREATE OR REPLACE TRIGGER "ADMIN"."FEEDBACK_TRIGGER" 
BEFORE INSERT ON FEEDBACK
FOR EACH row 
BEGIN 
  SELECT feedback_seq.NEXTVAL
  INTO :new.ID_FEED
  FROM dual;
END;
/
ALTER TRIGGER "ADMIN"."FEEDBACK_TRIGGER" ENABLE;
--------------------------------------------------------
--  DDL for Trigger QA_TRIGGER
--------------------------------------------------------

  CREATE OR REPLACE TRIGGER "ADMIN"."QA_TRIGGER" 
BEFORE INSERT ON QA
FOR EACH row 
BEGIN 
  SELECT qa_seq.NEXTVAL
  INTO :new.ID_QA
  FROM dual;
END;
/
ALTER TRIGGER "ADMIN"."QA_TRIGGER" ENABLE;
--------------------------------------------------------
--  DDL for Trigger SUBSIDIARY_TRIGGER
--------------------------------------------------------

  CREATE OR REPLACE TRIGGER "ADMIN"."SUBSIDIARY_TRIGGER" 
BEFORE INSERT ON SUBSIDIARY
FOR EACH row 
BEGIN 
  SELECT subsidiary_seq.NEXTVAL
  INTO :new.ID_SUBSIDIARY
  FROM dual;
END;
/
ALTER TRIGGER "ADMIN"."SUBSIDIARY_TRIGGER" ENABLE;
--------------------------------------------------------
--  DDL for Synonymn DUAL
--------------------------------------------------------

  CREATE OR REPLACE PUBLIC SYNONYM "DUAL" FOR "SYS"."DUAL";
